Dr. Amarpreet Singh Riar,https://matharihospital.go.ke
Dr. (Maj.)Sharad Shrivastava,https://matharihospital.go.ke
Dr. Anirban Biswas,https://matharihospital.go.ke
Dr. Aman Vij,https://matharihospital.go.ke
Dr. Mansi Arya,https://matharihospital.go.ke
Dr. Sunil Kumar Dwivedi,https://matharihospital.go.ke
Dr. Chhavi Bansal,https://matharihospital.go.ke
Dr. Sneh Khera,https://matharihospital.go.ke
Dr. Inderjeet Singh,https://matharihospital.go.ke
Dr. Suman Mohan,https://matharihospital.go.ke
Dr. Manish Munjal,https://matharihospital.go.ke
Dr. Ajay Jain,https://matharihospital.go.ke
Dr. Anshul Gupta,https://matharihospital.go.ke
Dr. B B Khatri,https://matharihospital.go.ke
Dr. Rajeev Adhana,https://matharihospital.go.ke
Dr. Vidit Tripathi,https://matharihospital.go.ke
Dr. Arun Wadhawan,https://matharihospital.go.ke
Dr. Neha Sood,https://matharihospital.go.ke
Dr. Vineet Narula,https://matharihospital.go.ke
Dr. Yogesh Jain,https://matharihospital.go.ke
Dr. Rakesh Singh,https://matharihospital.go.ke
Dr. Sudha Asokan,https://matharihospital.go.ke
Dr. Mahesh Shah,https://matharihospital.go.ke
Dr. S K Singh,https://matharihospital.go.ke
Dr. Sudhir Bhola,https://matharihospital.go.ke
Dr. Jyoti Arora Monga,https://matharihospital.go.ke
Dr. Vijay Abbot,https://matharihospital.go.ke
Dr. Rakesh Gupta,https://matharihospital.go.ke
Dr. Sugeeta Mutreja,https://matharihospital.go.ke
Dr. Ruchi Gupta,https://matharihospital.go.ke
Dr. Praveen Rustagi,https://matharihospital.go.ke
Dr. S.K Kashyap,https://matharihospital.go.ke
Dr. Nipun Jain,https://matharihospital.go.ke
Dr. Rohit Batra,https://matharihospital.go.ke
Dr. Lipy Gupta,https://matharihospital.go.ke
Dr. Gaurav Garg,https://matharihospital.go.ke
Dr. Parmil Kumar Sharma,https://matharihospital.go.ke
Dr. Shruti Gupta,https://matharihospital.go.ke
Dr. Manisha Chopra,https://matharihospital.go.ke
Dr. Ranjan Upadhyay,https://matharihospital.go.ke
Dr. Gayatri Bala Juneja,https://matharihospital.go.ke
